WL(nm),S2B B2,S2B B3,S2B B4,S2B B8
400,0,0,0,0
401,0,0,0,0
402,0,0,0,0
403,0,0,0,0
404,0,0,0,0
405,0,0,0,0
406,0,0,0,0
407,0,0,0,0
408,0,0,0,0
409,0,0,0,0
410,0,0,0,0
411,0,0,0,0
412,0,0,0,0
413,0,0,0,0
414,0,0,0,0
415,0,0,0,0
416,0,0,0,0
417,0,0,0,0
418,0,0,0,0
419,0,0,0,0
420,0,0,0,0
421,0,0,0,0
422,0,0,0,0
423,0,0,0,0
424,0,0,0,0
425,0,0,0,0
426,0,0,0,0
427,0,0,0,0
428,0,0,0,0
429,0,0,0,0
430,0,0,0,0
431,0,0,0,0
432,0,0,0,0
433,0,0,0,0
434,0,0,0,0
435,0,0,0,0
436,0,0,0,0
437,0,0,0,0
438,0.001893306,0,0,0
439,0.019440751,0,0,0
440,0.020059028,0,0,0
441,0.014109631,0,0,0
442,0.015612858,0,0,0
443,0.015448868,0,0,0
444,0.017034152,0,0,0
445,0.013311359,0,0,0
446,0.014462036,0,0,0
447,0.009592091,0,0,0
448,0.014500694,0,0,0
449,0.011159264,0,0,0
450,0.013332524,0,0,0
451,0.01355731,0,0,0
452,0.01426,0,0,0
453,0.014717634,0,0,0
454,0.015989541,0,0,0
455,0.030654247,0,0,0
456,0.055432753,0,0,0
457,0.120228972,0,0,0
458,0.252260953,0,0,0
459,0.462862499,0,0,0
460,0.65241169,0,0,0
461,0.77750832,0,0,0
462,0.824333103,0,0,0
463,0.832077099,0,0,0
464,0.835037767,0,0,0
465,0.838761115,0,0,0
466,0.864126031,0,0,0
467,0.883293587,0,0,0
468,0.90569382,0,0,0
469,0.921186621,0,0,0
470,0.936616967,0,0,0
471,0.931024626,0,0,0
472,0.927547539,0,0,0
473,0.916622744,0,0,0
474,0.9060165,0,0,0
475,0.897870416,0,0,0
476,0.903146598,0,0,0
477,0.908994286,0,0,0
478,0.920859439,0,0,0
479,0.924523699,0,0,0
480,0.918843658,0,0,0
481,0.907981319,0,0,0
482,0.898032665,0,0,0
483,0.88735796,0,0,0
484,0.873065866,0,0,0
485,0.857761622,0,0,0
486,0.846132814,0,0,0
487,0.843382711,0,0,0
488,0.857924772,0,0,0
489,0.879320632,0,0,0
490,0.903975503,0,0,0
491,0.919580552,0,0,0
492,0.946712663,0,0,0
493,0.969406608,0,0,0
494,0.993636046,0,0,0
495,0.999320649,0,0,0
496,1,0,0,0
497,0.995107621,0,0,0
498,0.984163047,0,0,0
499,0.979509527,0,0,0
500,0.978185449,0,0,0
501,0.972278886,0,0,0
502,0.96293492,0,0,0
503,0.95355824,0,0,0
504,0.938134944,0,0,0
505,0.924777929,0,0,0
506,0.909590075,0,0,0
507,0.902313691,0,0,0
508,0.892251397,0,0,0
509,0.890060534,0,0,0
510,0.891851681,0,0,0
511,0.899164865,0,0,0
512,0.910901434,0,0,0
513,0.924636296,0,0,0
514,0.938626228,0,0,0
515,0.953526854,0,0,0
516,0.971831245,0,0,0
517,0.987690608,0,0,0
518,0.996791216,0,0,0
519,0.993851876,0,0,0
520,0.9816383,0,0,0
521,0.958970396,0,0,0
522,0.893259218,0,0,0
523,0.736063596,0,0,0
524,0.52101528,0,0,0
525,0.332578748,0,0,0
526,0.195080476,0,0,0
527,0.117429222,0,0,0
528,0.075138809,0,0,0
529,0.050991983,0,0,0
530,0.032154822,0,0,0
531,0.015134166,0,0,0
532,0.004477169,0,0,0
533,0,0,0,0
534,0,0,0,0
535,0,0,0,0
536,0,0.001849077,0,0
537,0,0.015481298,0,0
538,0,0.036661939,0,0
539,0,0.081181302,0,0
540,0,0.169521526,0,0
541,0,0.333499478,0,0
542,0,0.587551283,0,0
543,0,0.810898276,0,0
544,0,0.914486774,0,0
545,0,0.945520385,0,0
546,0,0.949175317,0,0
547,0,0.943501504,0,0
548,0,0.928333429,0,0
549,0,0.912819616,0,0
550,0,0.901482543,0,0
551,0,0.900858652,0,0
552,0,0.907289434,0,0
553,0,0.922649114,0,0
554,0,0.942932043,0,0
555,0,0.964024785,0,0
556,0,0.983470408,0,0
557,0,0.999446482,0,0
558,0,1,0,0
559,0,0.991955712,0,0
560,0,0.976582923,0,0
561,0,0.951151834,0,0
562,0,0.924621468,0,0
563,0,0.891851701,0,0
564,0,0.868157818,0,0
565,0,0.847608394,0,0
566,0,0.83920859,0,0
567,0,0.832980675,0,0
568,0,0.830820549,0,0
569,0,0.835211024,0,0
570,0,0.84875691,0,0
571,0,0.866563551,0,0
572,0,0.875196149,0,0
573,0,0.87037822,0,0
574,0,0.857256926,0,0
575,0,0.809749622,0,0
576,0,0.677463956,0,0
577,0,0.456507841,0,0
578,0,0.247691784,0,0
579,0,0.127866254,0,0
580,0,0.059016809,0,0
581,0,0.025724357,0,0
582,0,0.005219158,0,0
583,0,0,0,0
584,0,0,0,0
585,0,0,0,0
586,0,0,0,0
587,0,0,0,0
588,0,0,0,0
589,0,0,0,0
590,0,0,0,0
591,0,0,0,0
592,0,0,0,0
593,0,0,0,0
594,0,0,0,0
595,0,0,0,0
596,0,0,0,0
597,0,0,0,0
598,0,0,0,0
599,0,0,0,0
600,0,0,0,0
601,0,0,0,0
602,0,0,0,0
603,0,0,0,0
604,0,0,0,0
605,0,0,0,0
606,0,0,0,0
607,0,0,0,0
608,0,0,0,0
609,0,0,0,0
610,0,0,0,0
611,0,0,0,0
612,0,0,0,0
613,0,0,0,0
614,0,0,0,0
615,0,0,0,0
616,0,0,0,0
617,0,0,0,0
618,0,0,0,0
619,0,0,0,0
620,0,0,0,0
621,0,0,0,0
622,0,0,0,0
623,0,0,0,0
624,0,0,0,0
625,0,0,0,0
626,0,0,0,0
627,0,0,0,0
628,0,0,0,0
629,0,0,0,0
630,0,0,0,0
631,0,0,0,0
632,0,0,0,0
633,0,0,0,0
634,0,0,0,0
635,0,0,0,0
636,0,0,0,0
637,0,0,0,0
638,0,0,0,0
639,0,0,0,0
640,0,0,0,0
641,0,0,0,0
642,0,0,0,0
643,0,0,0,0
644,0,0,0,0
645,0,0,0,0
646,0,0,0.005090312,0
647,0,0,0.026897029,0
648,0,0,0.12087986,0
649,0,0,0.33742273,0
650,0,0,0.603624689,0
651,0,0,0.810967523,0
652,0,0,0.91573833,0
653,0,0,0.92605288,0
654,0,0,0.92083242,0
655,0,0,0.911237119,0
656,0,0,0.902005739,0
657,0,0,0.897081513,0
658,0,0,0.899066029,0
659,0,0,0.900672338,0
660,0,0,0.902488081,0
661,0,0,0.906886173,0
662,0,0,0.915610562,0
663,0,0,0.927756371,0
664,0,0,0.941055569,0
665,0,0,0.954196504,0
666,0,0,0.966908428,0
667,0,0,0.981390028,0
668,0,0,0.991619278,0
669,0,0,1,0
670,0,0,0.999754078,0
671,0,0,0.994046577,0
672,0,0,0.981792818,0
673,0,0,0.968692612,0
674,0,0,0.957607907,0
675,0,0,0.945644641,0
676,0,0,0.92580977,0
677,0,0,0.897152993,0
678,0,0,0.838534201,0
679,0,0,0.698446797,0
680,0,0,0.493502787,0
681,0,0,0.276900547,0
682,0,0,0.107781358,0
683,0,0,0.029913795,0
684,0,0,0.007336673,0
685,0,0,0.000838123,0
686,0,0,0,0
687,0,0,0,0
688,0,0,0,0
689,0,0,0,0
690,0,0,0,0
691,0,0,0,0
692,0,0,0,0
693,0,0,0,0
694,0,0,0,0
695,0,0,0,0
696,0,0,0,0
697,0,0,0,0
698,0,0,0,0
699,0,0,0,0
700,0,0,0,0
701,0,0,0,0
702,0,0,0,0
703,0,0,0,0
704,0,0,0,0
705,0,0,0,0
706,0,0,0,0
707,0,0,0,0
708,0,0,0,0
709,0,0,0,0
710,0,0,0,0
711,0,0,0,0
712,0,0,0,0
713,0,0,0,0
714,0,0,0,0
715,0,0,0,0
716,0,0,0,0
717,0,0,0,0
718,0,0,0,0
719,0,0,0,0
720,0,0,0,0
721,0,0,0,0
722,0,0,0,0
723,0,0,0,0
724,0,0,0,0
725,0,0,0,0
726,0,0,0,0
727,0,0,0,0
728,0,0,0,0
729,0,0,0,0
730,0,0,0,0
731,0,0,0,0
732,0,0,0,0
733,0,0,0,0
734,0,0,0,0
735,0,0,0,0
736,0,0,0,0
737,0,0,0,0
738,0,0,0,0
739,0,0,0,0
740,0,0,0,0
741,0,0,0,0
742,0,0,0,0
743,0,0,0,0
744,0,0,0,0
745,0,0,0,0
746,0,0,0,0
747,0,0,0,0
748,0,0,0,0
749,0,0,0,0
750,0,0,0,0
751,0,0,0,0
752,0,0,0,0
753,0,0,0,0
754,0,0,0,0
755,0,0,0,0
756,0,0,0,0
757,0,0,0,0
758,0,0,0,0
759,0,0,0,0
760,0,0,0,0
761,0,0,0,0
762,0,0,0,0
763,0,0,0,0
764,0,0,0,0
765,0,0,0,0
766,0,0,0,0
767,0,0,0,0
768,0,0,0,0
769,0,0,0,0
770,0,0,0,0
771,0,0,0,0
772,0,0,0,0
773,0,0,0,0
774,0,0,0,0.000386696
775,0,0,0,0.003018401
776,0,0,0,0.01669158
777,0,0,0,0.028340486
778,0,0,0,0.0502885
779,0,0,0,0.08626388
780,0,0,0,0.149596686
781,0,0,0,0.258428566
782,0,0,0,0.425108406
783,0,0,0,0.631697563
784,0,0,0,0.803109115
785,0,0,0,0.904984654
786,0,0,0,0.939674653
787,0,0,0,0.944958731
788,0,0,0,0.948238826
789,0,0,0,0.963880684
790,0,0,0,0.979861632
791,0,0,0,0.991635585
792,0,0,0,0.996362309
793,0,0,0,1
794,0,0,0,0.998257939
795,0,0,0,0.998488834
796,0,0,0,0.989253171
797,0,0,0,0.98294089
798,0,0,0,0.968189827
799,0,0,0,0.958222106
800,0,0,0,0.951650369
801,0,0,0,0.947054991
802,0,0,0,0.944166995
803,0,0,0,0.948383123
804,0,0,0,0.946461415
805,0,0,0,0.942132884
806,0,0,0,0.929937199
807,0,0,0,0.914683918
808,0,0,0,0.893248878
809,0,0,0,0.873037871
810,0,0,0,0.852648452
811,0,0,0,0.836447483
812,0,0,0,0.824300756
813,0,0,0,0.814333379
814,0,0,0,0.810955964
815,0,0,0,0.803715941
816,0,0,0,0.791980175
817,0,0,0,0.783270185
818,0,0,0,0.767838865
819,0,0,0,0.754167357
820,0,0,0,0.742309406
821,0,0,0,0.727235815
822,0,0,0,0.719323269
823,0,0,0,0.713866399
824,0,0,0,0.718941021
825,0,0,0,0.726527917
826,0,0,0,0.738324031
827,0,0,0,0.750210769
828,0,0,0,0.761800392
829,0,0,0,0.769900245
830,0,0,0,0.781725199
831,0,0,0,0.78381047
832,0,0,0,0.783069959
833,0,0,0,0.782718588
834,0,0,0,0.781644143
835,0,0,0,0.780380397
836,0,0,0,0.781443024
837,0,0,0,0.781701218
838,0,0,0,0.78177353
839,0,0,0,0.780064535
840,0,0,0,0.777591823
841,0,0,0,0.770831803
842,0,0,0,0.764574958
843,0,0,0,0.753876586
844,0,0,0,0.743324604
845,0,0,0,0.733775698
846,0,0,0,0.722497914
847,0,0,0,0.712900724
848,0,0,0,0.699439134
849,0,0,0,0.688575227
850,0,0,0,0.674039061
851,0,0,0,0.657552716
852,0,0,0,0.643729834
853,0,0,0,0.62865391
854,0,0,0,0.614005803
855,0,0,0,0.603233252
856,0,0,0,0.594982815
857,0,0,0,0.588091928
858,0,0,0,0.585186507
859,0,0,0,0.582889219
860,0,0,0,0.581493721
861,0,0,0,0.580137218
862,0,0,0,0.574804624
863,0,0,0,0.576654614
864,0,0,0,0.572399696
865,0,0,0,0.570992768
866,0,0,0,0.569291451
867,0,0,0,0.571025201
868,0,0,0,0.570861066
869,0,0,0,0.572213154
870,0,0,0,0.575418141
871,0,0,0,0.577804028
872,0,0,0,0.579603586
873,0,0,0,0.579294979
874,0,0,0,0.578302049
875,0,0,0,0.57565598
876,0,0,0,0.569721665
877,0,0,0,0.561891364
878,0,0,0,0.556830745
879,0,0,0,0.549385012
880,0,0,0,0.545858439
881,0,0,0,0.542536249
882,0,0,0,0.541895109
883,0,0,0,0.539852497
884,0,0,0,0.537997281
885,0,0,0,0.53195493
886,0,0,0,0.522275927
887,0,0,0,0.505572421
888,0,0,0,0.48804203
889,0,0,0,0.469610434
890,0,0,0,0.456107021
891,0,0,0,0.445848869
892,0,0,0,0.443119818
893,0,0,0,0.445581498
894,0,0,0,0.447532506
895,0,0,0,0.440183411
896,0,0,0,0.418240241
897,0,0,0,0.369455837
898,0,0,0,0.301788007
899,0,0,0,0.235014942
900,0,0,0,0.174244972
901,0,0,0,0.122382945
902,0,0,0,0.083462794
903,0,0,0,0.056162189
904,0,0,0,0.038006008
905,0,0,0,0.024240249
906,0,0,0,0.014845963
907,0,0,0,0.006132899
908,0,0,0,0
909,0,0,0,0
910,0,0,0,0
911,0,0,0,0
912,0,0,0,0
913,0,0,0,0
914,0,0,0,0
915,0,0,0,0
916,0,0,0,0
917,0,0,0,0
918,0,0,0,0
919,0,0,0,0
920,0,0,0,0
921,0,0,0,0
922,0,0,0,0
923,0,0,0,0
924,0,0,0,0
925,0,0,0,0
926,0,0,0,0
927,0,0,0,0
928,0,0,0,0
929,0,0,0,0
930,0,0,0,0
931,0,0,0,0
932,0,0,0,0
933,0,0,0,0
934,0,0,0,0
935,0,0,0,0
936,0,0,0,0
937,0,0,0,0
938,0,0,0,0
939,0,0,0,0
940,0,0,0,0
941,0,0,0,0
942,0,0,0,0
943,0,0,0,0
944,0,0,0,0
945,0,0,0,0
946,0,0,0,0
947,0,0,0,0
948,0,0,0,0
949,0,0,0,0
950,0,0,0,0
951,0,0,0,0
952,0,0,0,0
953,0,0,0,0
954,0,0,0,0
955,0,0,0,0
956,0,0,0,0
957,0,0,0,0
958,0,0,0,0
959,0,0,0,0
960,0,0,0,0
961,0,0,0,0
962,0,0,0,0
963,0,0,0,0
964,0,0,0,0
965,0,0,0,0
966,0,0,0,0
967,0,0,0,0
968,0,0,0,0
969,0,0,0,0
970,0,0,0,0
971,0,0,0,0
972,0,0,0,0
973,0,0,0,0
974,0,0,0,0
975,0,0,0,0
976,0,0,0,0
977,0,0,0,0
978,0,0,0,0
979,0,0,0,0
980,0,0,0,0
981,0,0,0,0
982,0,0,0,0
983,0,0,0,0
984,0,0,0,0
985,0,0,0,0
986,0,0,0,0
987,0,0,0,0
988,0,0,0,0
989,0,0,0,0
990,0,0,0,0
991,0,0,0,0
992,0,0,0,0
993,0,0,0,0
994,0,0,0,0
995,0,0,0,0
996,0,0,0,0
997,0,0,0,0
998,0,0,0,0
999,0,0,0,0
1000,0,0,0,0
